﻿<?xml version="1.0" encoding="UTF-8" standalone="yes"?>
<addon id="sport-repository" name="Sport Repository" version="0.0.2" provider-name="sousinha">
	<extension point="xbmc.addon.repository" name="MyHome Add-on Repository">
		<info compressed="false">https://raw.github.com/msousinha/sport-repository/master/addons.xml</info>
		<checksum>https://raw.github.com/msousinha/sport-repository/master/addons.xml.md5</checksum>
		<datadir zip="true">https://raw.github.com/msousinha/sport-repository/master/repo/</datadir>	
	</extension>
	<extension point="xbmc.addon.metadata">
		<summary>Sport Addon</summary>
		<description>Sport Description</description>
		<disclaimer></disclaimer>
		<platform>all</platform>
	</extension>
</addon>
